filepath,gt,0,1,2,3,4,5,6,7,8,9,10,11,12,13,14,15,16,17,18,19,20,21,22,23,24,25,26,27,28,29,30,31,32,33,34,35,36,37,38,39,40,41,42,43,44,45,46,47,48,49,50,51,52,53,54,55,56,57,58,59,60,61,62,63,64,65,66,67,68,score,left,right,top,bottom
1/81/18196230244.jpg,1938,0.0814599,0.08176026,0.082141526,0.08251547,0.083719,0.0889242,0.09324107,0.10934113,0.1259086,0.14091389,0.16804609,0.19287272,0.21452287,0.22905995,0.24480784,0.2874115,0.31003946,0.35061556,0.3958744,0.445794,0.5125872,0.5730581,0.63956034,0.6867127,0.73827016,0.78783625,0.82857037,0.8592827,0.8896554,0.91210216,0.93078935,0.9454679,0.95492256,0.9635058,0.96984416,0.9760492,0.9812881,0.9847343,0.988108,0.9912504,0.9939268,0.9953845,0.9964948,0.9974318,0.99804854,0.99856037,0.9989201,0.99914205,0.9993401,0.9994747,0.99960035,0.99968696,0.9997632,0.9998123,0.9998529,0.99988735,0.999913,0.99993646,0.9999503,0.999966,0.9999746,0.99998105,0.9999877,0.99999225,0.9999951,0.999997,0.9999981,0.9999988,0.9999993,0.9820880293846128,296.3157043457031,382.65130615234375,109.81365966796876,141.59646606445312
6/31/6319488616.jpg,1941,0.0012714796,0.0012765785,0.0012830561,0.0012894142,0.0013099124,0.0013991797,0.001473978,0.001759234,0.0020635633,0.0023491571,0.0028912658,0.0034186756,0.0039053226,0.004247139,0.004631991,0.0057567083,0.006409385,0.007691169,0.009319231,0.011415449,0.014872345,0.01890417,0.024839412,0.03050657,0.038916986,0.050608836,0.064882286,0.080595575,0.10373459,0.12965077,0.1618201,0.19929011,0.23319127,0.2748401,0.3158584,0.369092,0.42949256,0.48079318,0.54396045,0.619243,0.7014386,0.7558549,0.8031926,0.847916,0.88012403,0.90873796,0.9299621,0.9435627,0.9560286,0.9646814,0.9729003,0.97865456,0.9837674,0.9870864,0.9898555,0.9922116,0.99397475,0.9955903,0.99654645,0.99763846,0.9982332,0.9986846,0.9991485,0.9994574,0.9996592,0.99979216,0.99986744,0.9999181,0.9999536,0.9771199226379396,153.34152221679688,241.2919921875,249.7808532714844,280.19552612304693
8/65/8658535685.jpg,1941,0.52401483,0.5250142,0.52627784,0.5275117,0.53144616,0.54784465,0.5607286,0.6037988,0.6413387,0.6706415,0.71489316,0.74788374,0.77222764,0.7867057,0.8009606,0.83352506,0.8479836,0.8701712,0.8905257,0.9089704,0.92885065,0.94338214,0.9565725,0.96455216,0.97223455,0.97876704,0.98360646,0.98697984,0.9901074,0.99229676,0.99404573,0.9953753,0.99621177,0.99695814,0.99750155,0.99802715,0.99846625,0.9987527,0.9990314,0.9992894,0.999508,0.99962664,0.9997167,0.99979264,0.9998425,0.9998839,0.99991286,0.99993086,0.99994683,0.9999577,0.9999678,0.9999747,0.9999809,0.99998486,0.9999882,0.99999094,0.99999297,0.9999949,0.99999595,0.99999726,0.999998,0.99999845,0.99999905,0.9999994,0.99999964,0.99999976,0.9999999,0.9999999,1.0,0.9753057956695556,129.11122131347656,232.2563323974609,233.79281616210938,287.3748779296875
8/01/8012733767.jpg,1942,0.034592427,0.034726504,0.034896784,0.035063863,0.035602145,0.037939567,0.039889734,0.047257654,0.054999065,0.06215455,0.075454,0.088049084,0.09938149,0.10718072,0.11580809,0.14012767,0.15366039,0.1790826,0.20933706,0.24528481,0.29820052,0.3516255,0.41756323,0.46967584,0.5326425,0.6000542,0.6613437,0.7115869,0.76512486,0.80742055,0.84457076,0.87508076,0.89538884,0.91429037,0.9285426,0.94274443,0.9549318,0.9630493,0.9710745,0.97862077,0.9851024,0.98865396,0.9913693,0.99366766,0.995184,0.9964445,0.99733126,0.9978794,0.99836856,0.99870086,0.9990113,0.9992256,0.9994141,0.99953544,0.99963605,0.9997211,0.99978465,0.99984264,0.99987686,0.99991584,0.99993706,0.99995315,0.9999697,0.9999807,0.99998784,0.9999926,0.99999523,0.99999714,0.99999833,0.9949879646301272,9.329181671142578,106.69266510009766,180.7535400390625,241.2297821044922
5/00/5008950995.jpg,1944,0.03260257,0.032729197,0.032890014,0.033047818,0.033556227,0.035764303,0.03760703,0.044572897,0.051898465,0.058675606,0.07128722,0.083249405,0.094027765,0.101454176,0.109677225,0.13290285,0.14585619,0.17024696,0.19937125,0.23411436,0.28553197,0.3377797,0.40273374,0.45443967,0.51735634,0.58525616,0.64748114,0.6988444,0.7539298,0.79770845,0.8363526,0.86822397,0.889506,0.9093629,0.92436665,0.93934435,0.9522187,0.9608048,0.969302,0.9772998,0.9841755,0.9879453,0.99082863,0.99327,0.99488115,0.99622065,0.997163,0.9977456,0.99826556,0.99861884,0.9989489,0.9991767,0.9993771,0.999506,0.999613,0.9997036,0.99977106,0.99983263,0.9998691,0.9999106,0.9999331,0.9999503,0.9999678,0.9999795,0.9999871,0.99999213,0.999995,0.9999969,0.9999982,0.9980288147926332,11.598937034606935,54.41393280029297,234.0738525390625,265.5357666015625
5/21/5210974579.jpg,1947,0.00095442525,0.000958254,0.0009631178,0.000967892,0.000983284,0.0010503158,0.0011064848,0.0013207147,0.0015493024,0.0017638492,0.0021711818,0.002567576,0.0029334256,0.003190449,0.003479884,0.0043260683,0.0048173293,0.0057825786,0.007009485,0.008590666,0.011201837,0.0142530035,0.018755857,0.023067875,0.029489879,0.038462885,0.049489327,0.061720777,0.07991183,0.10054399,0.1265413,0.15737617,0.18580183,0.22143088,0.25730646,0.30507234,0.36099076,0.4099892,0.4723164,0.549634,0.6380737,0.6990846,0.7538449,0.80708885,0.8463766,0.88196564,0.9087912,0.92617655,0.94224757,0.9534803,0.964209,0.9717552,0.9784842,0.98286474,0.9865268,0.9896478,0.99198663,0.9941322,0.99540293,0.9968554,0.997647,0.99824786,0.9988657,0.99927706,0.9995459,0.999723,0.9998234,0.9998908,0.99993825,0.958858609199524,0.19726209342479706,100.27413177490234,196.17111206054688,245.6763916015625
9/96/9965049846.jpg,1951,0.013143134,0.013195213,0.013261365,0.013326288,0.013535549,0.014445911,0.015207548,0.018102447,0.021174,0.024040733,0.029440833,0.034643013,0.039398726,0.0427139,0.04642191,0.057111636,0.06321656,0.0750014,0.089591235,0.10777905,0.1363913,0.16775645,0.21040353,0.24765548,0.2975579,0.35800835,0.42057294,0.4783619,0.54767346,0.60912263,0.6688367,0.7225085,0.76084125,0.7985849,0.8284675,0.85955054,0.88733006,0.9064306,0.9258054,0.9444864,0.96090317,0.9700484,0.97711325,0.9831436,0.9871475,0.99049133,0.9928523,0.99431485,0.9956227,0.9965125,0.99734443,0.9979194,0.99842525,0.9987509,0.9990213,0.99925023,0.9994209,0.99957675,0.99966884,0.9997738,0.99983084,0.9998741,0.9999186,0.99994814,0.99996746,0.9999801,0.99998736,0.99999213,0.9999956,0.9615710973739624,414.6812133789063,498.0140075683594,102.31293487548828,213.79290771484366
2/63/2633499378.jpg,1951,0.0044306256,0.0044483375,0.004470837,0.004492921,0.004564114,0.0048740646,0.00513367,0.0061228364,0.0071765897,0.008164029,0.010034524,0.011849485,0.013519984,0.014690908,0.016006917,0.019838585,0.022052405,0.026379513,0.031836588,0.038799375,0.050128344,0.06310564,0.08176206,0.09909648,0.12399804,0.1570733,0.19519979,0.2345572,0.28805,0.34242123,0.40294236,0.46525365,0.51528245,0.56987095,0.6174305,0.67159617,0.7246419,0.76398665,0.8065621,0.8504156,0.8914546,0.9154145,0.934496,0.95119447,0.9624978,0.9720733,0.9789099,0.98317724,0.9870135,0.98963517,0.9920947,0.99379927,0.99530196,0.9962715,0.99707687,0.99775946,0.99826884,0.99873453,0.9990096,0.99932337,0.99949396,0.9996233,0.9997563,0.9998447,0.9999025,0.9999405,0.9999621,0.9999765,0.99998677,0.96854567527771,386.3400268554688,496.6233215332031,184.95962524414062,308.7574157714844
8/49/8498665007.jpg,1953,0.023581568,0.023674015,0.023791432,0.023906661,0.024277972,0.025891876,0.027240302,0.032350514,0.03774669,0.04275917,0.05213923,0.06109972,0.06922689,0.07485635,0.081118226,0.09896835,0.10903015,0.12818691,0.15142906,0.17969272,0.2226323,0.2676826,0.32578862,0.37379837,0.43444103,0.5027952,0.5682655,0.6244767,0.6870739,0.7386233,0.7855198,0.8252224,0.8522675,0.8778979,0.8975234,0.9173415,0.9345608,0.94614047,0.9576767,0.96860504,0.9780552,0.9832582,0.9872481,0.9906337,0.99287134,0.9947339,0.99604565,0.9968569,0.99758136,0.9980737,0.99853384,0.99885154,0.999131,0.99931085,0.99946004,0.9995864,0.9996805,0.9997665,0.99981743,0.9998752,0.99990666,0.9999306,0.99995506,0.9999714,0.999982,0.99998903,0.99999297,0.9999957,0.9999976,0.9718908667564392,3.932098865509033,322.8951416015625,15.812060356140135,257.12857055664057
8/49/8499373117.jpg,1953,0.022304999,0.022392558,0.022503767,0.022612901,0.022964593,0.02449338,0.0257709,0.030614128,0.035731364,0.040487487,0.049394924,0.057912596,0.06564548,0.07100592,0.076972485,0.094003685,0.103618786,0.121954896,0.14425406,0.17144911,0.2129301,0.25666538,0.31340334,0.360564,0.4205014,0.48855695,0.5542399,0.61102724,0.67469853,0.727478,0.7757671,0.8168541,0.84495085,0.8716595,0.8921645,0.9129184,0.9309897,0.9431628,0.95530677,0.9668259,0.9767988,0.9822942,0.9865108,0.99009013,0.9924567,0.99442697,0.99581486,0.99667335,0.99744,0.99796116,0.998448,0.99878436,0.99908006,0.9992705,0.99942845,0.9995621,0.9996618,0.99975294,0.9998067,0.9998679,0.9999012,0.99992645,0.99995244,0.9999697,0.9999809,0.99998844,0.9999926,0.99999547,0.9999974,0.960317313671112,0.0,247.9990234375,359.4498291015625,498.4383239746094
4/15/4153352512.jpg,1953,0.028917896,0.029030642,0.029173834,0.029314348,0.02976709,0.03173402,0.033376276,0.03959073,0.046137016,0.052203223,0.06351755,0.07428024,0.08400377,0.09071775,0.09816565,0.119280145,0.13110651,0.15347394,0.18035254,0.21266173,0.26097322,0.3106812,0.37336227,0.42397404,0.48643363,0.55494136,0.61875176,0.6721816,0.73026156,0.7770056,0.8187058,0.85341173,0.8767463,0.89863497,0.91524917,0.9318993,0.9462635,0.9558701,0.96539867,0.97438645,0.9821284,0.98637915,0.9896332,0.99239033,0.99421084,0.9957249,0.9967906,0.99744946,0.9980375,0.9984372,0.99881065,0.99906844,0.9992951,0.99944097,0.9995621,0.99966455,0.9997409,0.99981076,0.9998518,0.9998988,0.9999243,0.99994373,0.9999635,0.99997675,0.99998546,0.99999106,0.9999943,0.99999654,0.999998,0.9892576336860656,99.13672637939452,214.93911743164062,286.8072814941406,371.6861267089844
4/15/4153352512.jpg,1953,0.03001727,0.030134168,0.030282635,0.03042832,0.030897722,0.032936823,0.0346391,0.041078687,0.04785875,0.05413848,0.06584312,0.07696748,0.0870097,0.09393929,0.101622134,0.12337837,0.13554852,0.15853553,0.18610568,0.21916993,0.26845577,0.31897387,0.38239986,0.43338946,0.49604166,0.5644154,0.62777853,0.68059635,0.7377671,0.7835959,0.8243423,0.8581561,0.88084096,0.9020836,0.918184,0.934299,0.9481852,0.95746374,0.96666014,0.9753287,0.9827908,0.98688614,0.9900203,0.99267524,0.9944279,0.99588555,0.99691135,0.9975454,0.9981115,0.99849606,0.99885535,0.9991035,0.9993217,0.99946207,0.99957854,0.9996772,0.9997507,0.9998178,0.9998574,0.9999026,0.99992716,0.99994576,0.99996495,0.9999777,0.99998593,0.9999914,0.9999945,0.99999666,0.9999981,0.9731094241142272,176.44076538085938,222.82701110839844,284.5392150878906,327.7950439453125
1/11/111370867.jpg,1953,0.006249161,0.0062740957,0.006305772,0.0063368618,0.0064370837,0.00687335,0.0072386693,0.0086299125,0.010110759,0.0114972405,0.014120548,0.016662117,0.018998027,0.020633472,0.022469664,0.02780465,0.030879416,0.03687324,0.044402137,0.05395989,0.06939596,0.08690493,0.11175803,0.13452026,0.16667643,0.20842715,0.25524426,0.3021628,0.3637468,0.42389902,0.48813093,0.5514486,0.6003405,0.65182245,0.6951677,0.7429099,0.78807163,0.82059693,0.85489976,0.8892988,0.9206652,0.93862134,0.9527379,0.96496046,0.9731655,0.98007363,0.984982,0.98803574,0.99077445,0.99264246,0.99439245,0.9956038,0.99667066,0.9973584,0.99792945,0.9984133,0.99877423,0.9991041,0.99929893,0.999521,0.9996418,0.9997334,0.9998275,0.9998901,0.999931,0.9999579,0.9999732,0.99998343,0.9999906,0.9623542428016664,4.02180814743042,85.82212829589844,345.3526306152344,394.384033203125
1/11/111370867.jpg,1953,0.02484063,0.024937889,0.025061414,0.025182635,0.025573246,0.027270848,0.028688977,0.034061436,0.039731283,0.044994976,0.054837406,0.064230174,0.072741486,0.0786326,0.08518128,0.103824474,0.114317335,0.13426307,0.15840675,0.18768471,0.23199394,0.27826053,0.33760414,0.38635728,0.4475811,0.516116,0.581293,0.63689184,0.698419,0.7487828,0.794364,0.8327779,0.8588539,0.8834978,0.90232337,0.92129457,0.9377461,0.9487931,0.9597853,0.9701863,0.97917056,0.9841135,0.98790216,0.99111557,0.9932389,0.995006,0.9962502,0.9970196,0.99770653,0.9981736,0.9986098,0.99891114,0.99917597,0.99934655,0.999488,0.99960786,0.9996972,0.9997787,0.99982685,0.99988174,0.99991155,0.9999342,0.99995744,0.9999728,0.99998295,0.9999896,0.9999933,0.99999595,0.99999774,0.957335889339447,69.6634521484375,175.49266052246094,341.238037109375,386.8359375
6/83/6831059453.jpg,1954,0.00037829336,0.00037981174,0.0003817407,0.00038363415,0.00038973853,0.0004163244,0.00043860357,0.0005235908,0.00061429775,0.00069945614,0.00086119643,0.0010186698,0.0011640765,0.0012662677,0.001381385,0.0017181687,0.0019138503,0.002298673,0.002788462,0.003420756,0.004467591,0.00569504,0.0075148474,0.009266936,0.011893591,0.015598554,0.020208064,0.025395913,0.033260398,0.042402882,0.054273967,0.068887986,0.082903214,0.10125444,0.12067731,0.14813867,0.18286105,0.2158484,0.2617556,0.32589203,0.41120094,0.4792435,0.54815245,0.62367773,0.6857758,0.74746937,0.797856,0.8324891,0.8660049,0.89034086,0.9143228,0.9316413,0.94741005,0.9578443,0.96667236,0.9742725,0.980015,0.98531854,0.9884759,0.99209964,0.9940811,0.99558854,0.9971413,0.99817705,0.9988543,0.99930096,0.9995542,0.99972457,0.9998441,0.9579367637634276,464.5735168457031,498.1796569824219,297.7706604003906,335.2210693359375
2/32/23203149206.jpg,1954,0.003651241,0.0036658484,0.003684405,0.0037026186,0.003761336,0.0040169894,0.0042311396,0.0050472864,0.00591704,0.0067323507,0.008277565,0.009777881,0.011159626,0.012128646,0.0132182,0.016393442,0.018229963,0.021823771,0.026363932,0.032169595,0.041646622,0.052549634,0.06831284,0.0830538,0.10439116,0.13303071,0.16647391,0.20148948,0.24990301,0.300109,0.35721412,0.4173976,0.4667722,0.5217534,0.57062465,0.6274183,0.684245,0.72718877,0.7744425,0.8239886,0.87117964,0.8991085,0.92155325,0.9413441,0.9548203,0.96628743,0.9745033,0.9796438,0.98427296,0.9874407,0.99041593,0.9924798,0.99430037,0.9954757,0.99645233,0.99728036,0.99789846,0.99846363,0.99879754,0.99917835,0.9993855,0.9995427,0.99970406,0.9998115,0.9998815,0.99992776,0.999954,0.9999715,0.9999839,0.9675992131233216,8.561234474182129,251.5937347412109,72.95039367675781,146.92723083496094
1/55/15532699732.jpg,1954,0.11168309,0.11208128,0.11258662,0.11308208,0.11467572,0.121550314,0.12722987,0.14823934,0.16957852,0.1886649,0.22260886,0.25304466,0.27911344,0.29637593,0.31486169,0.36378407,0.38914123,0.43356442,0.48158988,0.5327859,0.59853643,0.6555105,0.7155447,0.7565407,0.79995424,0.84036463,0.8726439,0.89644706,0.9195492,0.9363499,0.9501637,0.96090573,0.9677751,0.9739777,0.9785378,0.98298544,0.98672765,0.98918307,0.9915821,0.9938122,0.99570835,0.9967399,0.9975249,0.998187,0.99862266,0.99898404,0.999238,0.99939466,0.9995345,0.9996294,0.999718,0.99977916,0.99983287,0.99986756,0.99989617,0.9999205,0.9999386,0.9999552,0.99996495,0.99997604,0.9999821,0.99998665,0.9999914,0.9999945,0.99999654,0.99999785,0.9999987,0.99999917,0.9999995,0.9775123000144958,286.710205078125,357.9671936035156,259.5155029296875,306.843994140625
2/63/2633492926.jpg,1958,0.001837953,0.0018453195,0.0018546777,0.0018638631,0.0018934762,0.0020224315,0.0021304768,0.00254246,0.002981873,0.0033941276,0.0041763717,0.0049370434,0.0056386082,0.006131196,0.006685627,0.008304838,0.009243728,0.011086015,0.013422974,0.01642696,0.02136867,0.027113141,0.03553237,0.043530244,0.055326276,0.071580805,0.091200896,0.1125211,0.14339638,0.17726158,0.21828151,0.26469663,0.30547926,0.35407734,0.40039185,0.45832792,0.5212663,0.572528,0.63305265,0.7016935,0.77262557,0.817444,0.8551289,0.88967115,0.913934,0.9350729,0.9505061,0.96028763,0.96918005,0.9753117,0.98110527,0.98514396,0.98872024,0.9910358,0.99296415,0.9946021,0.9958263,0.996947,0.9976096,0.99836606,0.9987778,0.9990902,0.9994111,0.9996247,0.99976426,0.99985623,0.9999083,0.9999434,0.99996793,0.9749127030372621,89.66658020019531,183.45640563964844,377.1148376464844,432.1307067871094
1/51/15142467355.jpg,1963,0.0012115453,0.0012164043,0.0012225768,0.0012286355,0.0012481689,0.001333234,0.001404512,0.001676347,0.0019663638,0.0022385356,0.002755187,0.0032578553,0.0037216982,0.0040475046,0.0044143507,0.005486513,0.006108744,0.007330849,0.008883321,0.010882565,0.014180402,0.01802807,0.023694893,0.029108722,0.037148528,0.048335798,0.062010046,0.07708507,0.099325106,0.124292426,0.15536956,0.19168752,0.22465825,0.26531038,0.30550557,0.35790718,0.41768914,0.46873823,0.5319444,0.60778034,0.6912165,0.7468235,0.79543835,0.84157634,0.8749289,0.9046485,0.9267471,0.9409323,0.9539509,0.9629968,0.97159606,0.9776209,0.98297703,0.98645544,0.9893584,0.99182886,0.99367815,0.99537295,0.996376,0.9975218,0.99814594,0.99861956,0.99910635,0.9994305,0.99964225,0.9997818,0.9998609,0.99991405,0.99995136,0.9882748126983644,164.14569091796875,297.9004821777344,182.69151306152344,234.0325469970703
2/15/2157763062.jpg,1964,2.1947271e-05,2.2035398e-05,2.214735e-05,2.2257238e-05,2.2611524e-05,2.4154566e-05,2.544771e-05,3.0381083e-05,3.5647343e-05,4.059233e-05,4.998641e-05,5.9135356e-05,6.758574e-05,7.352603e-05,8.021901e-05,9.980823e-05,0.000111195885,0.00013360282,0.0001621452,0.00019903107,0.00026019686,0.00033207008,0.00043893734,0.00054217695,0.00069759483,0.00091814285,0.0011947271,0.0015089572,0.001991358,0.002561508,0.0033172653,0.0042724703,0.0052153366,0.006491513,0.007896444,0.009984776,0.0128121525,0.0157133,0.020148972,0.027272958,0.03892609,0.050668318,0.06573215,0.087688096,0.11235191,0.14651217,0.18626928,0.22373846,0.27263463,0.32013404,0.38230243,0.4414685,0.5109537,0.5685487,0.6271691,0.68713266,0.7398523,0.7955966,0.83262414,0.87926996,0.9068941,0.92902005,0.9528967,0.9694706,0.980606,0.9880822,0.9923685,0.9952716,0.9973193,0.9804006814956664,82.41036987304688,261.98330688476557,261.43829345703125,391.8101501464844
4/03/4038424693.jpg,1964,0.0056609926,0.0056835944,0.0057123066,0.005740487,0.0058313324,0.006226802,0.0065579833,0.007819432,0.009162489,0.010420306,0.012801073,0.015108788,0.017230742,0.01871696,0.020386148,0.025239218,0.028038464,0.033499915,0.0403689,0.049103096,0.06324268,0.07933149,0.1022613,0.12335791,0.1533185,0.19249609,0.2368053,0.28161606,0.3410591,0.39981705,0.46333474,0.52674586,0.57626134,0.6289278,0.6736965,0.7234638,0.77098846,0.80548847,0.8421243,0.87912387,0.9130915,0.9326364,0.9480533,0.9614383,0.97044283,0.978036,0.9834378,0.9868014,0.9898197,0.9918795,0.99380976,0.99514633,0.9963238,0.997083,0.99771357,0.99824774,0.9986463,0.99901056,0.9992256,0.999471,0.9996044,0.9997055,0.99980944,0.99987864,0.9999237,0.9999535,0.9999703,0.99998164,0.9999896,0.973094642162323,139.00877380371094,434.8410339355469,187.0826416015625,348.8148193359375
2/05/20515232829.jpg,1964,0.0023306112,0.0023399477,0.0023518081,0.00236345,0.0024009815,0.0025644116,0.0027013328,0.0032233498,0.0037799948,0.004302116,0.005292513,0.0062551983,0.007142732,0.0077656927,0.008466668,0.0105126705,0.011698217,0.014022766,0.016968178,0.020748872,0.026955107,0.034148958,0.04465269,0.05458724,0.06916289,0.08909912,0.11293683,0.13856356,0.17517427,0.21466361,0.26158682,0.3135172,0.35815793,0.41018695,0.45862955,0.5177166,0.5800767,0.62951684,0.6863924,0.7490114,0.81171125,0.85031796,0.88219464,0.91095555,0.9309011,0.9481093,0.9605745,0.9684323,0.97554725,0.98043776,0.98504686,0.9882532,0.99108773,0.9929208,0.9944458,0.9957404,0.9967073,0.9975921,0.99811494,0.9987116,0.99903643,0.99928266,0.9995358,0.9997042,0.9998142,0.99988663,0.99992776,0.9999554,0.9999747,0.9932627081871032,241.61724853515625,369.69512939453125,343.76397705078125,440.921630859375
8/47/8476283246.jpg,1965,0.00117922,0.0011839495,0.0011899576,0.0011958549,0.0012148677,0.0012976663,0.0013670451,0.0016316406,0.0019139389,0.00217887,0.0026817878,0.0031711073,0.0036226425,0.0039398135,0.004296939,0.0053407378,0.0059465347,0.007136421,0.008648077,0.010594944,0.0138068395,0.017554952,0.023076555,0.028353207,0.03619212,0.047105458,0.060453758,0.07518075,0.09692907,0.121375255,0.1518495,0.18752731,0.21997723,0.26006642,0.29979134,0.35170916,0.41111872,0.4620019,0.5251977,0.60130745,0.6854079,0.74166995,0.79099756,0.83793294,0.8719358,0.90228724,0.92488766,0.9394094,0.9527467,0.96201974,0.9708392,0.9770208,0.982518,0.98608893,0.98906964,0.9916065,0.9935057,0.9952466,0.9962769,0.997454,0.9980951,0.99858165,0.99908185,0.9994149,0.9996325,0.9997758,0.99985707,0.99991167,0.99995005,0.9895923137664796,406.6867065429688,454.7133483886719,191.97418212890625,226.2289581298828
8/47/8476283246.jpg,1965,0.001702934,0.0017097603,0.0017184321,0.0017269439,0.0017543855,0.0018738857,0.001974011,0.002355809,0.0027630513,0.0031451478,0.003870233,0.0045754015,0.005225849,0.005682581,0.006196701,0.0076984153,0.008569338,0.010278614,0.012447515,0.015236569,0.019827386,0.025168177,0.033003937,0.040456567,0.051464498,0.066664524,0.08506054,0.10511133,0.134261,0.1663878,0.20552,0.25008968,0.28950787,0.33679727,0.38218886,0.43942127,0.50217026,0.5537262,0.61512333,0.6854515,0.7589187,0.8057598,0.84540045,0.8819421,0.9077283,0.9302752,0.94678396,0.95726806,0.9668131,0.9734028,0.97963494,0.9839828,0.9878352,0.9903307,0.99240947,0.9941758,0.9954964,0.99670535,0.9974203,0.9982364,0.9986808,0.99901795,0.99936444,0.999595,0.99974555,0.9998448,0.99990106,0.99993885,0.9999654,0.958200216293335,438.9215087890625,486.6277160644531,193.9268493652344,251.4542388916016
4/62/4622602238.jpg,1965,0.00067174464,0.0006744402,0.0006778645,0.0006812257,0.00069206196,0.0007392555,0.00077880255,0.00092964794,0.0010906237,0.0012417318,0.0015286745,0.0018079783,0.0020658192,0.0022469938,0.002451051,0.0030478248,0.0033944256,0.0040757353,0.004942296,0.006060012,0.007908114,0.010071267,0.013270803,0.016342796,0.020932682,0.027375396,0.035340127,0.044237312,0.057591725,0.072917834,0.0925066,0.11615093,0.138353,0.16674675,0.19599287,0.23599334,0.28443238,0.32837936,0.3864257,0.4619929,0.55366725,0.6204428,0.6830254,0.7464352,0.794937,0.8401927,0.8751682,0.89824486,0.9198705,0.93515605,0.9498887,0.96032995,0.96969604,0.97582155,0.9809598,0.9853511,0.9886496,0.99168116,0.99347925,0.9955368,0.99665916,0.9975116,0.99838865,0.9989729,0.99935466,0.9996063,0.999749,0.9998449,0.99991226,0.9912516474723816,107.85118103027344,212.7416229248047,400.2259826660156,441.811279296875
4/62/4622602238.jpg,1965,0.0010901915,0.0010945643,0.0011001193,0.001105572,0.0011231508,0.0011997061,0.0012638542,0.0015085068,0.001769539,0.0020145224,0.0024796003,0.0029321373,0.0033497594,0.0036431267,0.003973466,0.0049390774,0.0054995664,0.006600609,0.007999683,0.009802025,0.012776648,0.016249707,0.021369696,0.026266554,0.03354848,0.043700807,0.056141164,0.069895744,0.09026443,0.113240525,0.14200243,0.17584632,0.20678937,0.2452308,0.283558,0.33400553,0.392234,0.4425363,0.5055716,0.58232546,0.66822064,0.72632915,0.77770805,0.8269751,0.86290085,0.89513606,0.9192425,0.93477863,0.94908005,0.95904166,0.9685301,0.9751887,0.9811156,0.9849686,0.9881864,0.9909265,0.9929785,0.99485993,0.99597365,0.9972464,0.99793965,0.9984659,0.9990069,0.9993672,0.9996025,0.99975747,0.9998454,0.9999045,0.999946,0.9816934466362,360.9087829589844,432.31866455078125,406.26177978515625,460.74420166015625
4/62/4622602238.jpg,1965,0.0007163699,0.0007192443,0.00072289596,0.00072648027,0.00073803595,0.0007883621,0.000830534,0.0009913893,0.0011630434,0.0013241721,0.0016301343,0.00192794,0.002202851,0.002396015,0.0026135696,0.0032497842,0.0036192685,0.0043455106,0.0052691256,0.0064602755,0.00842941,0.010733614,0.014140563,0.01741034,0.022293253,0.029142262,0.03760118,0.047039844,0.06118613,0.07739023,0.09805338,0.122923404,0.1462059,0.1758823,0.20633397,0.24779446,0.29771188,0.34272796,0.40179324,0.4780244,0.5695124,0.6354782,0.6967932,0.758423,0.80523,0.84864664,0.88203174,0.9039787,0.9244883,0.9389513,0.95286524,0.9627106,0.9715314,0.97729445,0.9821254,0.98625165,0.9893496,0.9921957,0.99388325,0.9958139,0.99686676,0.99766636,0.9984889,0.9990368,0.9993949,0.9996308,0.9997646,0.99985456,0.99991775,0.9794281125068665,238.64739990234366,297.5560607910156,405.9800415039063,436.2042846679688
8/29/8293717704.jpg,1966,0.003838638,0.0038539923,0.003873497,0.003892642,0.003954361,0.004223079,0.004448166,0.005305953,0.0062200013,0.0070767603,0.008700331,0.01027648,0.011727848,0.012745572,0.013889767,0.017223516,0.01915122,0.022922402,0.02768465,0.033771064,0.04369857,0.05510789,0.07158052,0.08696078,0.109182365,0.13893248,0.1735623,0.20969373,0.2594381,0.31076607,0.3688304,0.42966273,0.4792947,0.53427297,0.58288765,0.6390852,0.69499743,0.7370408,0.7830971,0.83115655,0.87671334,0.9035753,0.9251091,0.9440573,0.9569387,0.9678862,0.97572225,0.9806219,0.98503196,0.98804873,0.9908813,0.9928456,0.9945781,0.9956964,0.99662554,0.99741334,0.9980013,0.99853885,0.9988563,0.9992186,0.99941564,0.99956506,0.9997185,0.99982065,0.99988735,0.99993134,0.99995625,0.99997294,0.99998474,0.9857236742973328,192.71202087402344,280.3968505859375,280.4822998046875,313.9435729980469
8/29/8293717704.jpg,1966,0.0013760042,0.0013815219,0.0013885312,0.0013954112,0.0014175922,0.0015141864,0.0015951231,0.0019037792,0.0022330552,0.0025420468,0.0031285284,0.0036990582,0.0042254515,0.004595155,0.0050113876,0.0062276516,0.00693335,0.008319043,0.010078663,0.012343574,0.01607696,0.020428568,0.02682933,0.03293516,0.041986123,0.0545477,0.06985031,0.086655274,0.11132337,0.13884178,0.17283875,0.21221417,0.24763389,0.29088372,0.33319622,0.387696,0.4489745,0.5005604,0.5635061,0.6377111,0.71773714,0.77015626,0.8153983,0.8578389,0.8882225,0.9150898,0.9349426,0.94763047,0.9592367,0.9672798,0.9749097,0.980246,0.9849835,0.9880569,0.9906199,0.99279964,0.99443036,0.99592435,0.99680823,0.99781764,0.99836737,0.9987845,0.9992132,0.9994986,0.99968505,0.9998079,0.99987745,0.9999243,0.9999572,0.9715141654014589,0.25659096240997314,41.84619903564453,279.81088256835943,311.3681945800781
5/87/5871602212.jpg,1969,0.00084897014,0.00085237616,0.00085670315,0.0008609502,0.0008746431,0.00093427557,0.0009842452,0.0011748357,0.001378209,0.0015691,0.0019315457,0.0022842893,0.0026098806,0.0028386347,0.0030962538,0.0038495134,0.004286891,0.0051464057,0.0062391805,0.007647936,0.009975444,0.012696848,0.016716417,0.020569392,0.026314564,0.034355603,0.04425878,0.055272654,0.071708485,0.090430826,0.11414505,0.14245191,0.16872169,0.20188758,0.23555481,0.28080946,0.3344208,0.38196853,0.44323608,0.52048874,0.61059695,0.67387223,0.73145825,0.78818387,0.83051324,0.86920935,0.8986007,0.9177527,0.93552995,0.94799715,0.95993733,0.9683546,0.97587365,0.9807751,0.984877,0.98837566,0.99099934,0.9934075,0.9948344,0.9964658,0.9973552,0.99803036,0.99872476,0.9991873,0.9994894,0.9996885,0.99980146,0.99987733,0.9999306,0.9868958592414856,0.0,147.66925048828125,195.24237060546875,283.551025390625
5/87/5871602212.jpg,1969,0.0008721286,0.00087562745,0.0008800723,0.00088443526,0.0008985012,0.00095975876,0.00101109,0.0012068725,0.001415783,0.0016118699,0.0019841753,0.0023465077,0.002680945,0.002915908,0.0031805192,0.0039541977,0.004403417,0.0052861706,0.0064084316,0.0078551015,0.010245004,0.013038972,0.017164977,0.021119114,0.027013594,0.035260502,0.045412254,0.056696143,0.07352233,0.09267096,0.11689713,0.14577416,0.17253333,0.20626259,0.24043961,0.28628126,0.34044278,0.38834718,0.44989303,0.52720726,0.616982,0.679764,0.73671603,0.7926459,0.8342711,0.87224114,0.9010288,0.9197631,0.9371356,0.9493091,0.96096045,0.9691696,0.9764998,0.9812765,0.98527294,0.9886811,0.99123645,0.99358153,0.9949709,0.99655944,0.9974253,0.99808264,0.9987587,0.99920887,0.999503,0.99969685,0.9998067,0.99988055,0.9999324,0.9773705005645752,137.00218200683594,193.8745574951172,190.2285003662109,248.26968383789062
2/49/249294500.jpg,1970,0.00012115368,0.00012164009,0.00012225803,0.00012286459,0.00012482012,0.00013333709,0.00014047461,0.00016770375,0.000196769,0.00022405953,0.0002759008,0.00032638537,0.00037301105,0.00040578496,0.00044270983,0.0005507693,0.000613578,0.0007371447,0.00089450995,0.0010978162,0.0014347981,0.0018305342,0.0024184715,0.0029859135,0.0038391503,0.005047899,0.0065603754,0.008274153,0.010895733,0.013979603,0.018043254,0.023140354,0.028129429,0.034816373,0.0420918,0.05274286,0.066860296,0.08099583,0.10195113,0.13404107,0.18274342,0.22759508,0.27975875,0.34667674,0.41134137,0.48657668,0.5582543,0.6140823,0.67419493,0.722192,0.7735961,0.8135603,0.8522475,0.87915456,0.9027892,0.9238091,0.94012296,0.95553267,0.96486723,0.97573256,0.98174345,0.98634964,0.99112564,0.9943283,0.99643046,0.99782,0.998609,0.99914014,0.9995134,0.9900526404380798,13.778157234191895,112.93682098388672,121.63656616210938,209.13653564453125
2/49/249294500.jpg,1970,0.00075828336,0.0007613258,0.000765191,0.0007689848,0.0007812161,0.00083448406,0.0008791211,0.0010493766,0.0012310587,0.001401597,0.001725418,0.0020405953,0.0023315328,0.0025359518,0.0027661775,0.0034394127,0.003830374,0.004598781,0.005575926,0.006835955,0.008918571,0.011354957,0.014956145,0.01841099,0.023567814,0.030796066,0.039715383,0.04965737,0.06453752,0.08155207,0.10320214,0.12919104,0.15345295,0.18428282,0.21580806,0.25855213,0.30974427,0.35565832,0.41554317,0.49223647,0.58340436,0.64855504,0.70867884,0.76869464,0.8139997,0.8558114,0.8878251,0.9088058,0.9283658,0.9421328,0.95535594,0.96470034,0.9730637,0.9785235,0.98309743,0.98700225,0.9899328,0.9926242,0.99421966,0.9960445,0.9970395,0.9977951,0.99857235,0.9990901,0.99942833,0.9996513,0.9997776,0.99986255,0.9999223,0.9506465792655944,11.2526216506958,53.59784698486328,108.6148910522461,146.59022521972656
4/34/4343402897.jpg,1971,0.00070156367,0.00070437876,0.0007079549,0.00071146525,0.0007227823,0.00077206903,0.0008133701,0.0009709043,0.0011390158,0.00129682,0.0015964723,0.0018881399,0.002157388,0.0023465748,0.0025596519,0.003182783,0.0035446773,0.0042560156,0.0051607075,0.006327504,0.008256505,0.0105139455,0.013852146,0.017056387,0.021842236,0.028556729,0.03685214,0.04611179,0.05999655,0.07591108,0.0962205,0.120687835,0.14361623,0.17287341,0.2029324,0.24391946,0.29336074,0.33803555,0.39678034,0.47281212,0.56438124,0.6306233,0.69235957,0.7545731,0.8019314,0.8459426,0.87983966,0.90214926,0.92301625,0.93774235,0.9519176,0.9619531,0.9709475,0.9768261,0.98175484,0.9859655,0.9891271,0.9920322,0.99375486,0.99572587,0.9968008,0.9976172,0.9984571,0.9990165,0.999382,0.99962306,0.9997596,0.99985147,0.99991596,0.9593508839607242,68.73028564453125,129.55856323242188,181.6455383300781,219.06434631347656
2/47/2475781499.jpg,1972,0.00051496644,0.0005170331,0.0005196587,0.00052223576,0.00053054444,0.00056672987,0.00059705303,0.0007127207,0.0008361652,0.00095205114,0.0011721323,0.0013863826,0.0015841941,0.0017232028,0.0018797823,0.0023377915,0.0026038575,0.0031269868,0.003792598,0.0046515213,0.0060727056,0.007737724,0.010203558,0.012574578,0.016123505,0.021117965,0.027313253,0.034261383,0.04474523,0.056858942,0.07247085,0.09151054,0.109586604,0.13298789,0.15743168,0.191436,0.2335248,0.27260268,0.32556894,0.39693424,0.4873941,0.556136,0.6228769,0.6929094,0.74819577,0.801187,0.84310514,0.87123704,0.8979504,0.91704035,0.93560547,0.9488626,0.9608257,0.9686863,0.9753024,0.9809732,0.9852427,0.98917437,0.99150956,0.99418503,0.9956457,0.9967559,0.9978987,0.9986603,0.99915826,0.99948645,0.99967253,0.99979764,0.99988556,0.987141489982605,122.9511489868164,225.2487335205078,190.20379638671875,276.60995483398443
2/47/2475781499.jpg,1972,0.00054848735,0.00055068854,0.0005534849,0.0005562296,0.0005650788,0.00060361816,0.00063591386,0.00075910427,0.0008905754,0.0010139946,0.0012483769,0.0014765433,0.0016871971,0.0018352274,0.0020019657,0.0024896706,0.0027729743,0.0033299667,0.0040386086,0.0049529704,0.006465658,0.008237524,0.01086089,0.013382589,0.017155599,0.022462465,0.029040484,0.03641153,0.04752096,0.06033867,0.07682819,0.09689302,0.11589669,0.14043291,0.16598314,0.20139304,0.24500765,0.28529182,0.3395726,0.41213176,0.5031653,0.5716511,0.6375793,0.7061695,0.7598958,0.8110466,0.8512719,0.87815106,0.9035888,0.92171586,0.93930393,0.95183885,0.96313286,0.9705446,0.9767776,0.98211586,0.9861326,0.9898295,0.99202466,0.9945386,0.9959109,0.9969537,0.9980269,0.99874216,0.99920964,0.9995178,0.99969256,0.99981004,0.9998925,0.9802298545837402,179.4085693359375,232.6492462158203,184.5810546875,224.1498260498047
5/75/5751083961.jpg,1974,0.000379462,0.0003809851,0.00038292,0.00038481926,0.0003909425,0.00041761043,0.00043995844,0.000525208,0.000616195,0.0007016162,0.00086385553,0.0010218146,0.0011676697,0.001270176,0.001385648,0.0017234695,0.0019197535,0.0023057603,0.0027970553,0.003431291,0.0044813356,0.005712539,0.0075378963,0.009295308,0.011929908,0.015646007,0.020269245,0.025472391,0.03335975,0.04252834,0.05443255,0.06908615,0.08313809,0.10153556,0.1210051,0.14852844,0.18332255,0.2163711,0.26235223,0.3265702,0.41194817,0.48001358,0.5489165,0.62440157,0.6864403,0.74805135,0.7983531,0.83291894,0.8663625,0.89064175,0.91456413,0.9318375,0.94756347,0.9579687,0.96677166,0.9743498,0.98007536,0.9853631,0.98851097,0.9921238,0.99409926,0.995602,0.9971501,0.99818265,0.99885786,0.9993031,0.9995555,0.9997254,0.99984455,0.9706621766090392,391.21612548828125,424.0202941894531,127.8847885131836,173.08790588378906
2/21/2216856247.jpg,1974,0.0010209292,0.0010250243,0.0010302269,0.0010353334,0.0010517967,0.0011234938,0.0011835718,0.0014127056,0.0016571877,0.001886646,0.0023222708,0.0027461734,0.0031373925,0.0034122244,0.0037217054,0.004626419,0.005151611,0.0061834245,0.0074947383,0.009184369,0.011973818,0.015232013,0.020037875,0.02463723,0.03148206,0.0410356,0.052759115,0.06574279,0.085011885,0.10680795,0.13418326,0.16652527,0.19621865,0.2332729,0.27040076,0.31955153,0.37668535,0.4263926,0.48914614,0.56626225,0.6534952,0.71307546,0.7661414,0.81736994,0.8549402,0.888806,0.91422814,0.93065614,0.9458091,0.9563812,0.96646446,0.9735482,0.9798589,0.983964,0.9873942,0.9903162,0.9925052,0.9945127,0.9957014,0.9970599,0.99780005,0.9983619,0.9989396,0.9993242,0.99957544,0.999741,0.9998349,0.99989796,0.9999423,0.99210524559021,339.378173828125,437.3616943359375,224.7928009033203,274.58297729492193
2/40/24046879086.jpg,1975,0.00051125156,0.0005133034,0.00051591,0.0005184685,0.0005267173,0.0005626418,0.0005927464,0.0007075803,0.0008301352,0.00094518624,0.0011636823,0.0013763903,0.0015727782,0.0017107868,0.0018662403,0.0023209576,0.002585113,0.003104488,0.0037653279,0.004618104,0.00602914,0.0076823058,0.01013066,0.012484955,0.016008995,0.020968739,0.02712146,0.034022503,0.044436626,0.056471724,0.07198543,0.09091008,0.108881764,0.13215487,0.15647317,0.19031721,0.23223074,0.27116865,0.32398036,0.39520153,0.48558444,0.55434716,0.62117374,0.69136584,0.7468285,0.8000306,0.84214455,0.8704221,0.8972847,0.91648746,0.9351676,0.94851,0.9605522,0.96846586,0.97512734,0.98083764,0.985137,0.98909646,0.9914484,0.99414295,0.9956143,0.9967325,0.9978835,0.9986506,0.99915206,0.99948275,0.99967015,0.9997962,0.9998847,0.9690493941307068,24.35812759399414,97.75132751464844,235.62008666992188,286.7204284667969
3/60/3603025844.jpg,1975,0.00017067851,0.00017136375,0.00017223423,0.00017308869,0.00017584347,0.00018784129,0.00019789588,0.0002362527,0.00027719483,0.00031563634,0.00038865773,0.0004597652,0.0005254348,0.00057159347,0.0006235969,0.00077577424,0.0008642198,0.0010382101,0.0012597656,0.0015459594,0.002020224,0.002577011,0.003403887,0.0042015617,0.0054002935,0.007097063,0.009217831,0.011617708,0.015282325,0.019583171,0.025234014,0.032295655,0.03917944,0.048362486,0.058297627,0.07273808,0.09168947,0.110452995,0.13788603,0.1790319,0.23955892,0.29334983,0.35368332,0.42778152,0.49608707,0.5717671,0.64034253,0.6915286,0.74459517,0.7855204,0.8279974,0.86009544,0.8904268,0.91110647,0.9289967,0.9446969,0.9567477,0.9680244,0.97480583,0.9826528,0.9869724,0.99027246,0.9936847,0.9959676,0.9974637,0.9984516,0.99901223,0.9993895,0.99965453,0.9740974903106692,0.07492497563362123,57.05072021484375,126.84323120117188,253.801513671875
6/28/6285398845.jpg,1978,2.229622e-05,2.2385748e-05,2.249948e-05,2.2611115e-05,2.2971037e-05,2.453861e-05,2.5852314e-05,3.0864125e-05,3.6214144e-05,4.123768e-05,5.07811e-05,6.00756e-05,6.8660265e-05,7.469493e-05,8.149438e-05,0.000101395,0.00011296369,0.0001357268,0.00016472283,0.00020219498,0.00026433283,0.0003373483,0.00044591326,0.0005507927,0.0007086786,0.0009327275,0.0012137,0.0015329126,0.002022956,0.0026021292,0.0033698317,0.0043401066,0.0052978196,0.0065940465,0.008020989,0.010141923,0.013013212,0.015959151,0.020462781,0.027694585,0.03952055,0.0514325,0.06670756,0.0889583,0.11393476,0.14849576,0.18867214,0.22649015,0.27577403,0.3235771,0.3860345,0.44536167,0.5148947,0.5724139,0.6308502,0.69051385,0.74287695,0.79814994,0.834811,0.8809345,0.90821755,0.9300533,0.95359975,0.9699341,0.9809038,0.9882664,0.9924871,0.9953453,0.9973611,0.9756324887275696,0.0,86.88554382324219,166.57464599609375,244.1650390625
1/71/17135095067.jpg,1978,5.8140875e-05,5.8374313e-05,5.867088e-05,5.8961978e-05,5.9900492e-05,6.398802e-05,6.741355e-05,8.048191e-05,9.443191e-05,0.0001075305,0.00013241368,0.00015664697,0.000179029,0.00019476243,0.00021248906,0.00026436965,0.00029452748,0.00035386425,0.00042944215,0.0005271025,0.0006890209,0.00087924337,0.001161997,0.0014350585,0.0018459536,0.0024286776,0.003158863,0.0039876243,0.0052582626,0.006757434,0.008740322,0.011239489,0.013698713,0.01701524,0.020650424,0.026023278,0.033239767,0.040576365,0.05166218,0.069141954,0.096902624,0.12387945,0.15710707,0.202954,0.25111452,0.3126068,0.37749982,0.43296865,0.49824154,0.5550526,0.6211602,0.67678994,0.7345993,0.77733356,0.8167308,0.8533361,0.8828255,0.9115944,0.92947173,0.9507245,0.962693,0.9719686,0.9816828,0.9882528,0.99258983,0.99546766,0.99710554,0.99820995,0.9989864,0.9569082856178284,64.11968231201172,127.9825210571289,192.2046813964844,222.50924682617188
8/40/8404784277.jpg,1979,0.00020544621,0.00020627098,0.00020731876,0.00020834722,0.00021166305,0.0002261043,0.00023820648,0.00028437423,0.00033365327,0.00037992132,0.00046780784,0.0005533883,0.0006324219,0.00068797276,0.00075055636,0.0009336869,0.0010401173,0.0012494761,0.0015160476,0.0018603553,0.002430834,0.0031004366,0.0040945727,0.005053283,0.0064934324,0.00853072,0.011075121,0.013951735,0.018338924,0.023479467,0.030219952,0.038621597,0.04678857,0.057648066,0.069351725,0.08627943,0.1083467,0.13003102,0.16144408,0.20792435,0.27494797,0.33320332,0.3971271,0.4736567,0.5423447,0.61644876,0.68185043,0.7296235,0.7782382,0.8151111,0.85282576,0.8809566,0.9072531,0.9250244,0.9402971,0.95362335,0.9638036,0.973292,0.97898054,0.98554647,0.98915356,0.99190557,0.99474806,0.9966478,0.9978921,0.9987134,0.9991793,0.99949276,0.999713,0.9857747554779052,1.3402897119522097,67.85442352294922,201.2606506347656,254.34405517578125
8/10/8103559413.jpg,1980,0.00044820772,0.00045000663,0.00045229192,0.00045453513,0.00046176717,0.000493264,0.0005196584,0.0006203416,0.0007277975,0.0008286771,0.0010202675,0.0012067925,0.0013790152,0.0015000469,0.0016363825,0.0020352083,0.0022669155,0.0027225357,0.0033023406,0.004050685,0.0052892705,0.006740943,0.008891974,0.010961593,0.0140617695,0.018429544,0.023855362,0.029950928,0.0391693,0.049852237,0.06367018,0.08059864,0.09674883,0.117771305,0.1398694,0.17084956,0.20958547,0.2459428,0.2958358,0.36420313,0.45280436,0.52163225,0.58973384,0.66258705,0.72113544,0.7781327,0.82384294,0.8548339,0.8844992,0.9058414,0.9267125,0.94168633,0.95524913,0.96418697,0.97172594,0.97819966,0.9830808,0.987581,0.99025667,0.9933242,0.9950001,0.99627435,0.99758637,0.998461,0.999033,0.99941003,0.9996238,0.9997675,0.9998684,0.991191565990448,331.35858154296875,470.512451171875,222.3583068847656,265.48941040039057
2/81/28124146070.jpg,1983,7.6380646e-05,7.668732e-05,7.707691e-05,7.745933e-05,7.869225e-05,8.406198e-05,8.8562054e-05,0.00010572969,0.00012405537,0.00014126243,0.00017395003,0.00020578339,0.00023518447,0.00025585174,0.00027913693,0.00034728437,0.000386897,0.0004648343,0.0005640997,0.0006923615,0.0009049994,0.0011547793,0.0015260066,0.0018844465,0.002423701,0.0031882236,0.0041458183,0.0052321586,0.006896617,0.008858736,0.011451117,0.014713889,0.017919544,0.022234911,0.02695467,0.033910975,0.043217737,0.052636735,0.066788174,0.088906005,0.123548746,0.15665686,0.19670232,0.2506677,0.3058065,0.37400302,0.44341964,0.5007824,0.5660725,0.6210449,0.6829483,0.73339903,0.78431016,0.82099056,0.8541131,0.88430953,0.90824085,0.9312556,0.94539523,0.96204555,0.9713471,0.978519,0.98599595,0.991033,0.99434954,0.9965463,0.99779534,0.9986368,0.99922824,0.9736118912696838,421.26251220703125,461.3237609863281,153.310791015625,186.0503234863281
5/33/5337458772.jpg,1983,0.0001724385,0.00017313079,0.00017401025,0.00017487351,0.0001776567,0.00018977822,0.00019993643,0.00023868869,0.00028005286,0.0003188906,0.00039266472,0.00046450496,0.00053085125,0.0005774854,0.00063002453,0.00078376924,0.00087312557,0.0010489068,0.001272742,0.0015618794,0.0020410176,0.0026035206,0.0034388734,0.0042447117,0.0054556876,0.007169737,0.009312018,0.011736118,0.015437513,0.01978115,0.025487635,0.03261787,0.039567538,0.048836917,0.058863487,0.07343317,0.0925476,0.111465186,0.1391103,0.18054497,0.24143314,0.29548132,0.35603237,0.430295,0.49865216,0.5742776,0.64270216,0.6937131,0.7465416,0.78724396,0.8294538,0.86132556,0.891424,0.9119339,0.9296706,0.94523054,0.9571703,0.9683405,0.9750566,0.9828268,0.98710376,0.9903708,0.9937488,0.9960085,0.99748945,0.9984674,0.99902236,0.9993957,0.9996581,0.9743003249168396,335.4844055175781,436.1452941894531,277.8236083984375,319.5132141113281
4/51/4511309442.jpg,1984,6.3600473e-06,6.385585e-06,6.418028e-06,6.449873e-06,6.5525423e-06,6.9997045e-06,7.3744495e-06,8.804114e-06,1.0330268e-05,1.176331e-05,1.4485729e-05,1.7137161e-05,1.9586141e-05,2.1307713e-05,2.3247436e-05,2.8924786e-05,3.222523e-05,3.8719514e-05,4.6992343e-05,5.7683985e-05,7.541458e-05,9.6251075e-05,0.00012723629,0.00015717423,0.00020225147,0.00026623587,0.0003465059,0.00043773936,0.0005778794,0.0007436348,0.0009635575,0.0012418584,0.0015169356,0.0018898443,0.0023011612,0.0029140855,0.0037468409,0.00460484,0.0059236013,0.008059354,0.011600845,0.015230916,0.019980857,0.027098138,0.03538088,0.047387704,0.062207185,0.0770846,0.097975984,0.12006886,0.15207617,0.18636167,0.23240145,0.27633986,0.32771647,0.38891518,0.45179486,0.5300574,0.5904238,0.67850554,0.73839945,0.7913548,0.85427624,0.90198153,0.93611103,0.96004033,0.9741484,0.9838701,0.9908097,0.9792501330375672,0.3956745266914368,93.1927261352539,166.9029541015625,270.12936401367193
1/30/13037306044.jpg,1984,1.2176e-06,1.2224892e-06,1.2287003e-06,1.234797e-06,1.2544526e-06,1.3400602e-06,1.4118023e-06,1.6855082e-06,1.977684e-06,2.252036e-06,2.773238e-06,3.2808516e-06,3.7497118e-06,4.0793034e-06,4.450665e-06,5.5376054e-06,6.1694927e-06,7.4128493e-06,8.9967425e-06,1.1043767e-05,1.4438561e-05,1.8428123e-05,2.4361125e-05,3.0093912e-05,3.8726157e-05,5.0980223e-05,6.635505e-05,8.383224e-05,0.000110683235,0.00014245005,0.0001846111,0.00023798537,0.00029076482,0.00036235302,0.00044136462,0.00055920193,0.0007194898,0.00088486343,0.0011394954,0.0015530348,0.002241941,0.0029522255,0.0038880298,0.00530399,0.0069729355,0.009433544,0.012539924,0.015738307,0.02037066,0.02545799,0.033195913,0.04200771,0.054786835,0.06812527,0.08535701,0.10860847,0.1362748,0.17758651,0.21628606,0.2877683,0.350807,0.42066386,0.5288135,0.6379041,0.73719263,0.82141215,0.8782572,0.9211195,0.9537885,0.9945366382598876,342.572509765625,415.9034729003906,159.08807373046875,212.1550750732422
2/80/2807271650.jpg,1985,8.406181e-06,8.439934e-06,8.482815e-06,8.524905e-06,8.660605e-06,9.251625e-06,9.746939e-06,1.1636536e-05,1.3653671e-05,1.5547737e-05,1.9145982e-05,2.2650396e-05,2.5887224e-05,2.8162627e-05,3.072639e-05,3.8230133e-05,4.2592274e-05,5.1175743e-05,6.2109815e-05,7.624071e-05,9.96745e-05,0.00012721299,0.00016816394,0.00020772974,0.00026730233,0.00035185914,0.00045793253,0.0005784872,0.00076365244,0.0009826416,0.0012731586,0.0016407336,0.0020039855,0.0024963266,0.0030392392,0.0038479979,0.00494631,0.0060773036,0.007814447,0.0106246555,0.015276047,0.020032842,0.026240414,0.0355066,0.0462373,0.06169273,0.080607235,0.09941867,0.12553969,0.15279514,0.19162658,0.23238501,0.2858008,0.3354234,0.39183685,0.45687228,0.5213651,0.5985214,0.65580416,0.73610973,0.7886154,0.83369505,0.8856923,0.9240277,0.95089865,0.9694699,0.980317,0.98774815,0.9930311,0.975023865699768,166.5414581298828,222.716552734375,301.55963134765625,344.1413879394531
2/31/2316228521.jpg,1987,8.321648e-06,8.355062e-06,8.397511e-06,8.439178e-06,8.573514e-06,9.158591e-06,9.648924e-06,1.1519519e-05,1.3516369e-05,1.539139e-05,1.8953451e-05,2.2422624e-05,2.5626903e-05,2.7879427e-05,3.0417408e-05,3.7845697e-05,4.216398e-05,5.066114e-05,6.148527e-05,7.5474076e-05,9.867226e-05,0.00012593388,0.00016647315,0.00020564119,0.000264615,0.00034832204,0.0004533296,0.0005726732,0.00075597886,0.0009727696,0.0012603716,0.0016242609,0.001983873,0.0024712852,0.0030087682,0.0038094495,0.0048968126,0.006016557,0.0077364715,0.010518936,0.015124753,0.019835386,0.025983391,0.035162095,0.045793623,0.06111025,0.07986137,0.098517396,0.12443433,0.15149139,0.19006582,0.23058696,0.28374225,0.33317414,0.38943097,0.45436537,0.5188424,0.5960904,0.65351915,0.73414177,0.7869257,0.83228904,0.884665,0.92331505,0.9504246,0.9691694,0.980121,0.9876252,0.99296075,0.9843463897705078,454.5524291992188,498.79095458984375,199.32876586914062,250.05848693847656
8/47/8471277632.jpg,1988,8.075856e-06,8.108284e-06,8.149479e-06,8.189915e-06,8.320283e-06,8.888079e-06,9.363921e-06,1.1179275e-05,1.3117146e-05,1.49367725e-05,1.8393623e-05,2.1760352e-05,2.486999e-05,2.705596e-05,2.9518982e-05,3.6727874e-05,4.091865e-05,4.916481e-05,5.966925e-05,7.3244926e-05,9.575809e-05,0.00012221467,0.00016155673,0.00019956847,0.00025680094,0.0003380371,0.00043994546,0.00055576774,0.00073366583,0.000944064,0.0012231895,0.0015763598,0.0019253881,0.0023984655,0.0029201587,0.0036973436,0.0047528627,0.0058398833,0.007509675,0.010211411,0.014684573,0.01926079,0.025235286,0.034158986,0.044501208,0.059412476,0.07768576,0.095886506,0.12120438,0.14767757,0.18549319,0.22531067,0.27768862,0.3265467,0.3823261,0.44694304,0.51135385,0.58885133,0.64669937,0.728249,0.7818553,0.8280622,0.8815704,0.92116505,0.9489927,0.9682608,0.9795284,0.98725337,0.9927481,0.9945932030677797,424.4530029296875,470.2457580566406,229.6006774902344,261.26861572265625
8/47/8471277632.jpg,1988,2.7669834e-05,2.7780938e-05,2.7922079e-05,2.8060618e-05,2.850728e-05,3.0452644e-05,3.2082982e-05,3.830261e-05,4.494196e-05,5.1176183e-05,6.301947e-05,7.455374e-05,8.520712e-05,9.2696064e-05,0.000101133985,0.00012582993,0.00014018599,0.00016843388,0.00020441586,0.00025091536,0.00032802057,0.00041862103,0.0005533266,0.0006834525,0.0008793322,0.0011572707,0.0015057821,0.0019016677,0.0025093,0.0032272635,0.004178625,0.0053805215,0.006566302,0.00817034,0.009934975,0.012555617,0.016099129,0.019729694,0.025270035,0.034141567,0.048582923,0.06304708,0.081475295,0.10808147,0.13761602,0.1779181,0.22396114,0.26652887,0.3209106,0.37251332,0.43829596,0.49912545,0.5684495,0.6242527,0.67957014,0.73467135,0.7819229,0.830715,0.8624804,0.90178704,0.9247004,0.94286144,0.9622711,0.9756309,0.9845552,0.99052364,0.99393725,0.9962459,0.9978726,0.9939562678337096,59.88633728027344,141.15773010253906,225.76524353027344,267.759033203125
8/47/8471277632.jpg,1988,0.000261622,0.00026267223,0.00026400643,0.00026531605,0.00026953826,0.00028792708,0.0003033373,0.0003621239,0.00042487023,0.0004837815,0.0005956795,0.0007046363,0.00080525334,0.0008759721,0.0009556413,0.0011887517,0.0013242181,0.0015906708,0.0019298943,0.0023679673,0.0030936236,0.0039450773,0.0052086264,0.006426501,0.00825476,0.01083863,0.014061631,0.017700057,0.02323816,0.029710429,0.038169783,0.048670687,0.058832612,0.07227554,0.08667571,0.10734421,0.13400894,0.15990816,0.19690536,0.25054464,0.32565826,0.38889503,0.4561934,0.5340229,0.6014615,0.67178625,0.73185647,0.77460283,0.8171568,0.84881574,0.88066167,0.9040705,0.9256918,0.9401631,0.95251036,0.96321714,0.97135466,0.9789069,0.98342,0.9886153,0.9914631,0.9936329,0.99587137,0.9973659,0.99834406,0.9989894,0.9993555,0.9996018,0.99977463,0.959194004535675,456.61712646484375,500.0,231.12515258789062,273.06295776367193
6/00/6005942358.jpg,1989,1.7562618e-06,1.7633139e-06,1.7722728e-06,1.7810664e-06,1.8094177e-06,1.9328975e-06,2.036378e-06,2.43117e-06,2.8526028e-06,3.248327e-06,4.000105e-06,4.7322837e-06,5.408564e-06,5.8839646e-06,6.4196133e-06,7.987406e-06,8.898834e-06,1.0692236e-05,1.2976822e-05,1.5929418e-05,2.0826004e-05,2.6580452e-05,3.5138037e-05,4.3406788e-05,5.5857534e-05,7.3532065e-05,9.570752e-05,0.00012091488,0.00015964135,0.00020545658,0.00026626073,0.00034323323,0.0004193444,0.00052257313,0.0006364987,0.00080639176,0.0010374597,0.0012758248,0.0016427767,0.0022385546,0.0032305648,0.0042527267,0.005598453,0.0076325494,0.010026811,0.013550366,0.01798776,0.022543922,0.029120151,0.036311567,0.04718868,0.059486303,0.077154346,0.09538881,0.118638694,0.14947458,0.1853859,0.23749198,0.2847265,0.36820123,0.43802348,0.5115623,0.6181464,0.71759945,0.8018241,0.86901194,0.91232306,0.94395703,0.96750134,0.991333782672882,36.97579574584961,462.1139526367188,283.5605773925781,433.3174133300781
3/79/379743960.jpg,1989,2.4102637e-06,2.419942e-06,2.432237e-06,2.4443052e-06,2.483214e-06,2.6526757e-06,2.794693e-06,3.3364956e-06,3.914866e-06,4.457946e-06,5.489672e-06,6.4945048e-06,7.422612e-06,8.075041e-06,8.8101615e-06,1.0961765e-05,1.2212575e-05,1.4673808e-05,1.7809112e-05,2.1861168e-05,2.858105e-05,3.6478257e-05,4.822229e-05,5.9569815e-05,7.665639e-05,0.00010091155,0.00013134278,0.00016593433,0.00021907639,0.00028194374,0.00036537607,0.00047098758,0.0005754119,0.0007170317,0.0008733144,0.0011063467,0.0014232437,0.001750091,0.002253143,0.003069599,0.00442825,0.0058271484,0.007667246,0.010445106,0.013709451,0.018502947,0.024521867,0.03068136,0.039535332,0.049168583,0.063642666,0.079868846,0.10292819,0.12641954,0.15592909,0.19432032,0.23799106,0.2994477,0.35329518,0.44438323,0.5168342,0.58971983,0.6895974,0.7771501,0.8473911,0.90103704,0.9345565,0.95853317,0.97610897,0.9880036115646362,88.89615631103516,196.3287506103516,197.4410552978516,265.35336303710943
3/79/379743960.jpg,1989,2.166229e-06,2.1749272e-06,2.1859773e-06,2.1968237e-06,2.2317931e-06,2.3840971e-06,2.511733e-06,2.9986818e-06,3.5184903e-06,4.006588e-06,4.933854e-06,5.836945e-06,6.671089e-06,7.257461e-06,7.918146e-06,9.851905e-06,1.0976085e-05,1.3188116e-05,1.6005983e-05,1.9647785e-05,2.5687339e-05,3.2784985e-05,4.334003e-05,5.3538788e-05,6.8895584e-05,9.069526e-05,0.000118046104,0.0001491361,0.00019689945,0.0002534046,0.00032839418,0.000423321,0.0005171822,0.00064447994,0.0007849614,0.0009944424,0.0012793264,0.0015731751,0.002025477,0.0027596634,0.00398168,0.005240248,0.0068963,0.009397489,0.012338512,0.016660757,0.022093913,0.027660836,0.035675228,0.044411413,0.057569887,0.07236742,0.093481034,0.11509288,0.14238945,0.1781507,0.21917608,0.27754372,0.3293039,0.4182064,0.49015462,0.56366706,0.66629803,0.75811744,0.8330689,0.8911024,0.92771685,0.9540763,0.97348887,0.9731956720352172,189.18212890625,230.6197662353516,200.5087890625,244.2252960205078
3/79/379743960.jpg,1989,6.9337707e-06,6.961612e-06,6.996982e-06,7.0316996e-06,7.1436307e-06,7.63113e-06,8.0396785e-06,9.598309e-06,1.126212e-05,1.2824441e-05,1.5792439e-05,1.8683026e-05,2.1352931e-05,2.3229797e-05,2.5344489e-05,3.1533953e-05,3.5132103e-05,4.2212174e-05,5.1231214e-05,6.288722e-05,8.221702e-05,0.0001049327,0.00013871244,0.00017135018,0.00022049216,0.00029024552,0.00037775154,0.00047720817,0.00062997564,0.00081066194,0.0010503868,0.0013537316,0.0016535484,0.0020599714,0.0025082235,0.003176123,0.0040834537,0.0050181467,0.006454506,0.008779985,0.012634106,0.016582085,0.021744093,0.029470561,0.038449794,0.051442545,0.0674403,0.08345788,0.105878405,0.1294974,0.16355096,0.19981383,0.24816328,0.2939405,0.34702024,0.40962732,0.47326228,0.55150235,0.61113507,0.6970482,0.7547363,0.8052568,0.8647025,0.9093569,0.941086,0.9632251,0.97623664,0.9851849,0.9915637,0.9545323848724364,48.46747207641602,96.54113006591795,196.9941864013672,235.01596069335938
5/32/5322298626.jpg,1990,1.8805687e-05,1.8881197e-05,1.8977125e-05,1.9071285e-05,1.937486e-05,2.069703e-05,2.1805095e-05,2.6032294e-05,3.0544787e-05,3.4781944e-05,4.2831405e-05,5.06709e-05,5.7911733e-05,6.3001804e-05,6.873691e-05,8.552248e-05,9.528026e-05,0.000114480536,0.00013893827,0.00017054578,0.00022295928,0.0002845497,0.00037612944,0.00046460328,0.00059779757,0.00078681903,0.0010238835,0.0012932367,0.0017067922,0.0021956468,0.002843767,0.0036631306,0.0044721276,0.0055674613,0.006773763,0.008567759,0.010998333,0.013494378,0.017314693,0.02346057,0.03354092,0.04373261,0.05685793,0.07609112,0.0978429,0.128229,0.16397806,0.19805458,0.24309555,0.2874826,0.34654227,0.40379182,0.47236213,0.5303242,0.5903965,0.65300214,0.7090377,0.76932627,0.8099759,0.8618866,0.8930043,0.9181331,0.9454569,0.96455127,0.9774392,0.9861188,0.9911049,0.99448615,0.99687284,0.9725179076194764,23.4260311126709,484.423095703125,101.73576354980469,265.5250244140625
4/12/4122557396.jpg,1990,3.4226798e-07,3.436423e-07,3.453883e-07,3.4710203e-07,3.5262727e-07,3.7669162e-07,3.9685875e-07,4.7379734e-07,5.5592824e-07,6.330495e-07,7.7956014e-07,9.2225036e-07,1.0540477e-06,1.1466976e-06,1.2510883e-06,1.55663e-06,1.7342536e-06,2.0837667e-06,2.5290053e-06,3.104433e-06,4.058725e-06,5.1802185e-06,6.848045e-06,8.459589e-06,1.0886246e-05,1.4331093e-05,1.865333e-05,2.3566707e-05,3.111556e-05,4.0046885e-05,5.1901163e-05,6.69092e-05,8.1751146e-05,0.00010188416,0.0001241072,0.00015725502,0.0002023535,0.0002488939,0.00032057535,0.0004370466,0.0006312278,0.0008316367,0.0010959901,0.0014966604,0.00196997,0.0026698792,0.0035570443,0.0044746716,0.0058113025,0.0072896644,0.009559516,0.012176094,0.016032044,0.020136215,0.025562482,0.033115495,0.042467333,0.05722543,0.07199198,0.10199141,0.13186859,0.16951165,0.23982087,0.3311996,0.44087404,0.5638743,0.66973484,0.76649284,0.8529802,0.9584577083587646,28.76443290710449,352.3824462890625,34.197959899902344,225.37229919433602
1/40/14051685061.jpg,1990,6.523628e-07,6.549823e-07,6.5831006e-07,6.615765e-07,6.721076e-07,7.1797416e-07,7.564127e-07,9.0305764e-07,1.0596001e-06,1.206591e-06,1.4858398e-06,1.7578101e-06,2.0090138e-06,2.1856022e-06,2.3845723e-06,2.9669334e-06,3.3054832e-06,3.9716533e-06,4.8202746e-06,5.917035e-06,7.735905e-06,9.873463e-06,1.3052297e-05,1.6123859e-05,2.0748968e-05,2.7314716e-05,3.555262e-05,4.4917197e-05,5.9304664e-05,7.632655e-05,9.8918994e-05,0.00012752123,0.00015580635,0.00019417316,0.00023652181,0.0002996855,0.00038561525,0.00047428475,0.0006108391,0.0008326814,0.0012024329,0.0015839066,0.0020868855,0.0028487728,0.0037480742,0.005076512,0.0067579495,0.0084942905,0.011018334,0.013802945,0.018063994,0.02295442,0.030119596,0.037692007,0.047619265,0.061279595,0.07794384,0.103695475,0.12881485,0.17795214,0.22451779,0.2800759,0.375509,0.4855647,0.60046226,0.71134144,0.7944553,0.86219233,0.9170692,0.9882408380508424,225.71339416503903,260.36871337890625,434.95892333984375,467.5958251953125
1/40/14051685061.jpg,1990,2.7597484e-06,2.7708297e-06,2.7849073e-06,2.7987257e-06,2.8432762e-06,3.0373092e-06,3.1999186e-06,3.8202816e-06,4.48251e-06,5.104345e-06,6.2856693e-06,7.4361865e-06,8.498872e-06,9.24591e-06,1.0087611e-05,1.2551188e-05,1.398336e-05,1.6801458e-05,2.039136e-05,2.5030931e-05,3.2725136e-05,4.1767304e-05,5.521408e-05,6.8206784e-05,8.777059e-05,0.00011554192,0.00015038461,0.00018999005,0.00025083404,0.00032281235,0.00041833305,0.0005392434,0.000658791,0.0008209152,0.0009998174,0.0012665626,0.0016292762,0.0020033438,0.0025790033,0.003513124,0.0050670872,0.0066664456,0.008769238,0.011941548,0.015666164,0.021129167,0.02797803,0.03497453,0.045009885,0.05589944,0.07220447,0.09040279,0.11611962,0.14214462,0.1745912,0.21639924,0.26340964,0.3285996,0.38480976,0.47801724,0.5505185,0.6220388,0.7178135,0.799719,0.86409044,0.9124724,0.9423665,0.96359324,0.97907114,0.973102867603302,276.1077880859375,346.0,438.1686401367188,499.3782653808594
1/41/14135662858.jpg,1991,9.3522954e-07,9.389848e-07,9.437555e-07,9.484382e-07,9.635356e-07,1.0292902e-06,1.0843968e-06,1.2946263e-06,1.5190459e-06,1.729774e-06,2.1301062e-06,2.520001e-06,2.880127e-06,3.1332872e-06,3.4185314e-06,4.253405e-06,4.738746e-06,5.693773e-06,6.910356e-06,8.482669e-06,1.1090184e-05,1.4154572e-05,1.8711733e-05,2.311506e-05,2.9745559e-05,3.9158054e-05,5.0967632e-05,6.43922e-05,8.50172e-05,0.0001094185,0.00014180469,0.00018280497,0.00022334949,0.0002783442,0.00033904376,0.0004295748,0.00055272726,0.0006797969,0.00087546976,0.0011933049,0.0017229149,0.0022691372,0.0029890635,0.004078975,0.0053645372,0.0072617256,0.00965992,0.012132766,0.015720833,0.019670235,0.02569536,0.03258325,0.04262293,0.0531665,0.06688612,0.08557683,0.108087614,0.1422618,0.1749005,0.23683836,0.29331493,0.35803726,0.46295232,0.57503754,0.6829979,0.7793873,0.84711945,0.8996924,0.9406639,0.9910256266593932,0.19447313249111176,39.80893325805664,239.98362731933602,338.1264343261719
1/41/14135662858.jpg,1991,1.632598e-05,1.6391534e-05,1.6474813e-05,1.6556556e-05,1.6820102e-05,1.7967935e-05,1.8929877e-05,2.2599712e-05,2.6517182e-05,3.0195677e-05,3.71838e-05,4.3989603e-05,5.027578e-05,5.469474e-05,5.967363e-05,7.424611e-05,8.271749e-05,9.938636e-05,0.000120619734,0.00014806051,0.00019356518,0.00024703753,0.00032654847,0.00040336448,0.00051901164,0.0006831383,0.0008889921,0.0011228999,0.0014820646,0.0019066765,0.002469708,0.0031816382,0.0038847148,0.0048368755,0.0058858213,0.0074464064,0.009561937,0.011735864,0.015065941,0.020430215,0.0292475,0.038186148,0.0497334,0.066727094,0.08605135,0.113235116,0.14550167,0.17654943,0.21802942,0.2594082,0.31525218,0.37026152,0.43731433,0.4950105,0.5558165,0.62030834,0.6790284,0.7432837,0.78725356,0.84417737,0.87872356,0.9068564,0.9376886,0.95938563,0.9741012,0.984044,0.98976773,0.9936539,0.99639964,0.9829360246658324,93.9469223022461,202.77867126464844,222.4205780029297,289.3076477050781
5/12/5126466960.jpg,1991,6.269334e-07,6.2945077e-07,6.3264883e-07,6.3578796e-07,6.4590853e-07,6.899872e-07,7.269281e-07,8.67856e-07,1.0182964e-06,1.1595586e-06,1.4279225e-06,1.6892898e-06,1.9307015e-06,2.1004084e-06,2.2916229e-06,2.851284e-06,3.1766342e-06,3.8168405e-06,4.632383e-06,5.6863923e-06,7.434357e-06,9.4885945e-06,1.254353e-05,1.549535e-05,1.9940198e-05,2.6250029e-05,3.4166846e-05,4.3166376e-05,5.699307e-05,7.3351584e-05,9.506354e-05,0.00012255112,0.00014973385,0.00018660579,0.00022730416,0.00028800723,0.0003705895,0.00045580557,0.0005870426,0.00080024946,0.0011556162,0.0015222599,0.002005702,0.0027380316,0.0036025005,0.0048795952,0.0064962357,0.008165887,0.010593394,0.013272045,0.01737209,0.022079412,0.028979557,0.03627607,0.04584817,0.05903193,0.07513386,0.10005786,0.124418356,0.17221011,0.21767108,0.27212948,0.3662323,0.4756399,0.59088653,0.7031092,0.78788656,0.8573998,0.9139947,0.992501735687256,464.3450622558594,500.0,127.00154876708984,162.44813537597656
1/03/103568566.jpg,1993,1.4602238e-05,1.4660871e-05,1.4735357e-05,1.480847e-05,1.504419e-05,1.6070835e-05,1.693123e-05,2.0213585e-05,2.3717474e-05,2.7007572e-05,3.3257904e-05,3.9345214e-05,4.4967685e-05,4.8920116e-05,5.337342e-05,6.640747e-05,7.398447e-05,8.8893736e-05,0.00010788565,0.00013242985,0.00017313128,0.00022096021,0.0002920804,0.00036079105,0.00046423782,0.000611054,0.00079520344,0.0010044584,0.0013257898,0.0017057054,0.0022095228,0.002846666,0.0034759769,0.0043283897,0.005267644,0.006665429,0.008560994,0.010509769,0.013496689,0.018312614,0.026240468,0.034292568,0.044717163,0.06010525,0.07767141,0.102504835,0.13216951,0.16090812,0.19960397,0.23855269,0.2916752,0.34464115,0.41007552,0.4671616,0.5281243,0.5936977,0.65423924,0.7214212,0.7679666,0.82892954,0.8663209,0.8969937,0.9308415,0.9548078,0.9711322,0.98219395,0.9885737,0.9929101,0.99597627,0.9658803343772888,113.6806182861328,340.6092834472656,228.70448303222656,307.2500915527344
6/61/6615004317.jpg,1994,1.6192904e-06,1.6257925e-06,1.6340526e-06,1.6421606e-06,1.6683007e-06,1.7821504e-06,1.8775603e-06,2.2415625e-06,2.630128e-06,2.9949895e-06,3.6881368e-06,4.3632126e-06,4.98675e-06,5.425074e-06,5.9189483e-06,7.364469e-06,8.2048155e-06,9.858352e-06,1.19647675e-05,1.4687095e-05,1.9201807e-05,2.4507483e-05,3.2397693e-05,4.0021612e-05,5.150141e-05,6.7797664e-05,8.824391e-05,0.00011148573,0.0001471927,0.00018943599,0.00024550006,0.0003164728,0.0003866522,0.00048183705,0.00058688706,0.0007435477,0.00095662515,0.0011764399,0.00151485,0.0020643293,0.0029793622,0.003922356,0.0051640817,0.0070414757,0.00925205,0.012506784,0.016608186,0.020822322,0.026910177,0.033574697,0.04366913,0.05510258,0.071567684,0.0886086,0.110407576,0.13944255,0.17343517,0.22310223,0.26848248,0.34952202,0.41814643,0.4912654,0.598805,0.7008577,0.7886046,0.8594889,0.9056068,0.9395033,0.96484905,0.9713795185089112,37.27779769897461,154.8549041748047,199.68231201171875,258.91455078125
3/19/3193285976.jpg,1994,1.0922456e-05,1.0966313e-05,1.1022029e-05,1.1076718e-05,1.1253037e-05,1.2020969e-05,1.2664546e-05,1.5119758e-05,1.7740682e-05,2.0201694e-05,2.4876988e-05,2.9430355e-05,3.363603e-05,3.6592504e-05,3.9923645e-05,4.9673356e-05,5.534112e-05,6.649365e-05,8.0700236e-05,9.90603e-05,0.00012950716,0.00016528656,0.00021849107,0.00026989466,0.0003472887,0.00045713637,0.0005949283,0.00075152115,0.0009920171,0.0012764095,0.0016536351,0.0021308234,0.0026022964,0.003241154,0.0039454144,0.004994103,0.006417434,0.0078821415,0.010129924,0.013761269,0.019758424,0.025874306,0.033829484,0.04564994,0.059257787,0.078706324,0.10226854,0.12544538,0.15721086,0.1898495,0.23548049,0.28230903,0.34208626,0.39606208,0.4556812,0.52221423,0.58597934,0.6595219,0.7122849,0.783758,0.82898575,0.866909,0.90964687,0.94048846,0.96177816,0.97633696,0.9847825,0.99054396,0.994628,0.9833629131317142,21.653779983520508,459.6950073242188,168.11627197265625,323.19873046875
3/19/3193285976.jpg,1994,2.7332617e-05,2.7442366e-05,2.7581787e-05,2.7718641e-05,2.815986e-05,3.0081514e-05,3.1691987e-05,3.7835813e-05,4.439426e-05,5.055251e-05,6.225147e-05,7.3645184e-05,8.416874e-05,9.156644e-05,9.990154e-05,0.00012429657,0.00013847771,0.00016638143,0.00020192507,0.0002478581,0.00032402412,0.00041352122,0.00054658664,0.00067512866,0.00086862466,0.0011431827,0.0014874579,0.0018785346,0.0024787937,0.0031880566,0.0041279085,0.005315295,0.0064867944,0.008071569,0.009815081,0.012404493,0.015906041,0.019493926,0.024969747,0.033739507,0.048019253,0.062326588,0.08056232,0.106905036,0.13616721,0.17613165,0.22183713,0.26413858,0.31824422,0.36965153,0.43527937,0.49605995,0.56543887,0.62137204,0.6768941,0.7322742,0.7798246,0.82898355,0.86101955,0.90069574,0.9238421,0.9421972,0.9618234,0.9753376,0.98436755,0.9904079,0.993863,0.9961998,0.99784636,0.9637633562088012,132.26072692871094,247.8613739013672,136.79762268066406,175.74559020996094
3/19/3193285976.jpg,1994,1.1949145e-05,1.1997125e-05,1.2058079e-05,1.2117907e-05,1.2310801e-05,1.3150915e-05,1.3854973e-05,1.654098e-05,1.940824e-05,2.2100574e-05,2.7215314e-05,3.219666e-05,3.6797675e-05,4.0031995e-05,4.3676228e-05,5.43423e-05,6.0542825e-05,7.274347e-05,8.828524e-05,0.000108370776,0.000141679,0.0001808204,0.0002390239,0.00029525705,0.00037992073,0.00050008507,0.00065081404,0.0008221051,0.0010851637,0.0013962222,0.0018087934,0.00233065,0.0028462112,0.003544736,0.004314678,0.0054609757,0.007016432,0.008616668,0.011071576,0.015035362,0.021575617,0.02823777,0.036892086,0.049727574,0.06446882,0.08547225,0.11081635,0.13563764,0.16948387,0.2040536,0.2520365,0.30086178,0.36258277,0.41773915,0.4780386,0.54457,0.6075935,0.6793973,0.7303397,0.79859585,0.8413484,0.87693715,0.916764,0.9453222,0.96494716,0.9783261,0.9860719,0.99134946,0.9950873,0.9559573531150818,199.49066162109366,285.1958923339844,121.3425521850586,158.689453125
5/81/5818830694.jpg,1996,1.337323e-06,1.3426928e-06,1.3495146e-06,1.3562106e-06,1.3777991e-06,1.4718241e-06,1.5506233e-06,1.8512388e-06,2.1721455e-06,2.4734738e-06,3.0459244e-06,3.6034505e-06,4.1184085e-06,4.4804115e-06,4.8882935e-06,6.08211e-06,6.7761166e-06,8.141742e-06,9.881375e-06,1.2129678e-05,1.5858239e-05,2.0240088e-05,2.6756468e-05,3.3052856e-05,4.2533866e-05,5.5992787e-05,7.287914e-05,9.207454e-05,0.00012156519,0.0001564547,0.00020276007,0.0002613799,0.00031934603,0.0003979683,0.0004847421,0.00061415345,0.00079017994,0.0009717858,0.0012513996,0.0017054813,0.002461844,0.0032415714,0.0042687003,0.0058224844,0.0076533235,0.010351525,0.013755989,0.017259115,0.022328945,0.027891407,0.03634138,0.04594846,0.059851497,0.074326016,0.09296971,0.1180273,0.14769538,0.19170083,0.2326062,0.30736685,0.37245372,0.44367516,0.55210286,0.6592757,0.7549551,0.8347584,0.8879349,0.9276705,0.9577508,0.9950439929962158,397.5252990722656,492.2091369628906,235.13499450683602,278.41677856445307
5/49/54943294.jpg,1996,1.3640606e-07,1.3695377e-07,1.376496e-07,1.383326e-07,1.405346e-07,1.5012509e-07,1.5816244e-07,1.8882523e-07,2.2155736e-07,2.5229298e-07,3.1068274e-07,3.6754997e-07,4.2007596e-07,4.570003e-07,4.9860375e-07,6.203732e-07,6.9116277e-07,8.304566e-07,1.0079006e-06,1.2372299e-06,1.6175509e-06,2.0645086e-06,2.7292017e-06,3.3714657e-06,4.3385867e-06,5.7115017e-06,7.4341024e-06,9.392307e-06,1.2400895e-05,1.5960499e-05,2.0685113e-05,2.6666778e-05,3.258236e-05,4.0606967e-05,4.946484e-05,6.2677675e-05,8.065492e-05,9.9207966e-05,0.00012778537,0.00017422458,0.0002516624,0.00033160285,0.00043707935,0.0005970101,0.00078603474,0.0010657539,0.0014206485,0.001788129,0.0023241353,0.0029179854,0.003831841,0.004888409,0.0064515527,0.008123387,0.010346642,0.013465919,0.017368387,0.023619335,0.02998996,0.043303646,0.057081737,0.07522615,0.1116874,0.16482973,0.23910844,0.34005314,0.4469573,0.5667625,0.6980883,0.9982470273971558,206.5470123291016,313.357666015625,373.6063232421875,453.2869567871094
5/49/54943294.jpg,1996,2.8958044e-07,2.907432e-07,2.922204e-07,2.9367035e-07,2.9834504e-07,3.18705e-07,3.3576737e-07,4.008626e-07,4.7035056e-07,5.355996e-07,6.595568e-07,7.802824e-07,8.917914e-07,9.701782e-07,1.0584993e-06,1.3170066e-06,1.4672889e-06,1.7629978e-06,2.1396977e-06,2.6265461e-06,3.433941e-06,4.3827968e-06,5.7938805e-06,7.157358e-06,9.210461e-06,1.2125029e-05,1.5781929e-05,1.993898e-05,2.6325864e-05,3.388238e-05,4.391198e-05,5.6610003e-05,6.916753e-05,8.6201726e-05,0.00010500446,0.00013305094,0.00017120923,0.00021058788,0.00027124022,0.00036979385,0.0005341104,0.00070370716,0.00092743314,0.0012665608,0.0016672243,0.002259815,0.0030111321,0.0037884635,0.0049211327,0.0061744433,0.008099873,0.010321088,0.0135976765,0.017089473,0.02171291,0.028161353,0.03616647,0.04884661,0.061592337,0.08766756,0.11388086,0.14726016,0.21068136,0.2952697,0.40016517,0.5224198,0.63177156,0.7352551,0.83075786,0.991067349910736,89.51274871826172,205.03335571289062,366.72259521484375,429.7647399902344
4/57/4574797391.jpg,1997,0.00023393812,0.00023487725,0.0002360703,0.00023724139,0.00024101691,0.0002574604,0.00027124045,0.00032380858,0.0003799184,0.0004325995,0.00053266546,0.0006301035,0.0007200856,0.0007833305,0.0008545813,0.0010630662,0.001184227,0.0014225513,0.001725984,0.002117869,0.0027670958,0.0035289978,0.004659907,0.005750222,0.0073875184,0.009702583,0.012592067,0.01585637,0.02082983,0.026649637,0.03426828,0.043744653,0.052935306,0.065123975,0.07821941,0.097085774,0.121549256,0.14544488,0.17981203,0.23012918,0.3015852,0.36266142,0.42860398,0.5061072,0.57436585,0.646663,0.7093418,0.75447327,0.79984564,0.83389264,0.86839473,0.89391994,0.91762054,0.93355083,0.94718593,0.9590415,0.9680721,0.97646904,0.9814937,0.9872847,0.99046224,0.9928846,0.9953849,0.99705493,0.99814844,0.99886996,0.9992792,0.9995546,0.99974793,0.965302050113678,2.357292652130127,70.3154296875,259.01092529296875,290.56182861328125
3/40/340793938.jpg,1998,0.00021356129,0.00021441863,0.00021550781,0.00021657688,0.00022002363,0.00023503519,0.00024761527,0.00029560603,0.00034683043,0.0003949252,0.00048628091,0.0005752389,0.0006573911,0.0007151336,0.0007801861,0.00097053905,0.0010811656,0.001298776,0.0015758489,0.0019337116,0.0025266283,0.0032225333,0.004255652,0.005251879,0.0067482423,0.008864762,0.01150764,0.014494946,0.019049652,0.024384467,0.031376414,0.040086284,0.04854734,0.05978944,0.07189467,0.08938345,0.11214719,0.1344774,0.16675873,0.21437792,0.28273928,0.34186706,0.4064398,0.48332533,0.5519451,0.6255679,0.69019604,0.737199,0.78485316,0.82087934,0.8576229,0.88496053,0.9104624,0.92766786,0.9424356,0.9553072,0.9651312,0.974281,0.9797633,0.9860882,0.9895615,0.99221087,0.99494666,0.99677485,0.99797195,0.99876225,0.9992105,0.9995121,0.99972385,0.979491114616394,9.392216682434082,118.9986572265625,169.14613342285156,210.4595031738281
